{"AP(0.50:0.95)-all": 0.7040127590638146, "AP(0.50)-all": 0.9688401372997273, "AP(0.75)-all": 0.8480326078921316, "AP(0.50:0.95)-small": 0.12337394243626043, "AP(0.50:0.95)-medium": 0.6390632806033956, "AP(0.50:0.95)-large": 0.7947120232137581, "AR(0.50:0.95)-all-Maxdet(1)": 0.5821341759844435, "AR(0.50:0.95)-all-Maxdet(10)": 0.7443121050072923, "AR(0.50:0.95)-all-Maxdet(100)": 0.7443121050072923, "AR(0.50:0.95)-small-Maxdet(100)": 0.1464285714285714, "AR(0.50:0.95)-medium-Maxdet(100)": 0.6867367569753335, "AR(0.50:0.95)-large-Maxdet(100)": 0.8429634221946685}